[{"model": "auth.permission", "pk": 1, "fields": {"name": "Can add game", "content_type": 1, "codename": "add_game"}}, {"model": "auth.permission", "pk": 2, "fields": {"name": "Can change game", "content_type": 1, "codename": "change_game"}}, {"model": "auth.permission", "pk": 3, "fields": {"name": "Can delete game", "content_type": 1, "codename": "delete_game"}}, {"model": "auth.permission", "pk": 4, "fields": {"name": "Can view game", "content_type": 1, "codename": "view_game"}}, {"model": "auth.permission", "pk": 5, "fields": {"name": "Can add match", "content_type": 2, "codename": "add_match"}}, {"model": "auth.permission", "pk": 6, "fields": {"name": "Can change match", "content_type": 2, "codename": "change_match"}}, {"model": "auth.permission", "pk": 7, "fields": {"name": "Can delete match", "content_type": 2, "codename": "delete_match"}}, {"model": "auth.permission", "pk": 8, "fields": {"name": "Can view match", "content_type": 2, "codename": "view_match"}}, {"model": "auth.permission", "pk": 9, "fields": {"name": "Can add match config", "content_type": 3, "codename": "add_matchconfig"}}, {"model": "auth.permission", "pk": 10, "fields": {"name": "Can change match config", "content_type": 3, "codename": "change_matchconfig"}}, {"model": "auth.permission", "pk": 11, "fields": {"name": "Can delete match config", "content_type": 3, "codename": "delete_matchconfig"}}, {"model": "auth.permission", "pk": 12, "fields": {"name": "Can view match config", "content_type": 3, "codename": "view_matchconfig"}}, {"model": "auth.permission", "pk": 13, "fields": {"name": "Can add player", "content_type": 4, "codename": "add_player"}}, {"model": "auth.permission", "pk": 14, "fields": {"name": "Can change player", "content_type": 4, "codename": "change_player"}}, {"model": "auth.permission", "pk": 15, "fields": {"name": "Can delete player", "content_type": 4, "codename": "delete_player"}}, {"model": "auth.permission", "pk": 16, "fields": {"name": "Can view player", "content_type": 4, "codename": "view_player"}}, {"model": "auth.permission", "pk": 17, "fields": {"name": "Can add player match", "content_type": 5, "codename": "add_playermatch"}}, {"model": "auth.permission", "pk": 18, "fields": {"name": "Can change player match", "content_type": 5, "codename": "change_playermatch"}}, {"model": "auth.permission", "pk": 19, "fields": {"name": "Can delete player match", "content_type": 5, "codename": "delete_playermatch"}}, {"model": "auth.permission", "pk": 20, "fields": {"name": "Can view player match", "content_type": 5, "codename": "view_playermatch"}}, {"model": "auth.permission", "pk": 21, "fields": {"name": "Can add player game", "content_type": 6, "codename": "add_playergame"}}, {"model": "auth.permission", "pk": 22, "fields": {"name": "Can change player game", "content_type": 6, "codename": "change_playergame"}}, {"model": "auth.permission", "pk": 23, "fields": {"name": "Can delete player game", "content_type": 6, "codename": "delete_playergame"}}, {"model": "auth.permission", "pk": 24, "fields": {"name": "Can view player game", "content_type": 6, "codename": "view_playergame"}}, {"model": "auth.permission", "pk": 25, "fields": {"name": "Can add live game", "content_type": 7, "codename": "add_livegame"}}, {"model": "auth.permission", "pk": 26, "fields": {"name": "Can change live game", "content_type": 7, "codename": "change_livegame"}}, {"model": "auth.permission", "pk": 27, "fields": {"name": "Can delete live game", "content_type": 7, "codename": "delete_livegame"}}, {"model": "auth.permission", "pk": 28, "fields": {"name": "Can view live game", "content_type": 7, "codename": "view_livegame"}}, {"model": "auth.permission", "pk": 29, "fields": {"name": "Can add live match", "content_type": 8, "codename": "add_livematch"}}, {"model": "auth.permission", "pk": 30, "fields": {"name": "Can change live match", "content_type": 8, "codename": "change_livematch"}}, {"model": "auth.permission", "pk": 31, "fields": {"name": "Can delete live match", "content_type": 8, "codename": "delete_livematch"}}, {"model": "auth.permission", "pk": 32, "fields": {"name": "Can view live match", "content_type": 8, "codename": "view_livematch"}}, {"model": "auth.permission", "pk": 33, "fields": {"name": "Can add live player match", "content_type": 9, "codename": "add_liveplayermatch"}}, {"model": "auth.permission", "pk": 34, "fields": {"name": "Can change live player match", "content_type": 9, "codename": "change_liveplayermatch"}}, {"model": "auth.permission", "pk": 35, "fields": {"name": "Can delete live player match", "content_type": 9, "codename": "delete_liveplayermatch"}}, {"model": "auth.permission", "pk": 36, "fields": {"name": "Can view live player match", "content_type": 9, "codename": "view_liveplayermatch"}}, {"model": "auth.permission", "pk": 37, "fields": {"name": "Can add live player game", "content_type": 10, "codename": "add_liveplayergame"}}, {"model": "auth.permission", "pk": 38, "fields": {"name": "Can change live player game", "content_type": 10, "codename": "change_liveplayergame"}}, {"model": "auth.permission", "pk": 39, "fields": {"name": "Can delete live player game", "content_type": 10, "codename": "delete_liveplayergame"}}, {"model": "auth.permission", "pk": 40, "fields": {"name": "Can view live player game", "content_type": 10, "codename": "view_liveplayergame"}}, {"model": "auth.permission", "pk": 41, "fields": {"name": "Can add log entry", "content_type": 11, "codename": "add_logentry"}}, {"model": "auth.permission", "pk": 42, "fields": {"name": "Can change log entry", "content_type": 11, "codename": "change_logentry"}}, {"model": "auth.permission", "pk": 43, "fields": {"name": "Can delete log entry", "content_type": 11, "codename": "delete_logentry"}}, {"model": "auth.permission", "pk": 44, "fields": {"name": "Can view log entry", "content_type": 11, "codename": "view_logentry"}}, {"model": "auth.permission", "pk": 45, "fields": {"name": "Can add permission", "content_type": 12, "codename": "add_permission"}}, {"model": "auth.permission", "pk": 46, "fields": {"name": "Can change permission", "content_type": 12, "codename": "change_permission"}}, {"model": "auth.permission", "pk": 47, "fields": {"name": "Can delete permission", "content_type": 12, "codename": "delete_permission"}}, {"model": "auth.permission", "pk": 48, "fields": {"name": "Can view permission", "content_type": 12, "codename": "view_permission"}}, {"model": "auth.permission", "pk": 49, "fields": {"name": "Can add group", "content_type": 13, "codename": "add_group"}}, {"model": "auth.permission", "pk": 50, "fields": {"name": "Can change group", "content_type": 13, "codename": "change_group"}}, {"model": "auth.permission", "pk": 51, "fields": {"name": "Can delete group", "content_type": 13, "codename": "delete_group"}}, {"model": "auth.permission", "pk": 52, "fields": {"name": "Can view group", "content_type": 13, "codename": "view_group"}}, {"model": "auth.permission", "pk": 53, "fields": {"name": "Can add user", "content_type": 14, "codename": "add_user"}}, {"model": "auth.permission", "pk": 54, "fields": {"name": "Can change user", "content_type": 14, "codename": "change_user"}}, {"model": "auth.permission", "pk": 55, "fields": {"name": "Can delete user", "content_type": 14, "codename": "delete_user"}}, {"model": "auth.permission", "pk": 56, "fields": {"name": "Can view user", "content_type": 14, "codename": "view_user"}}, {"model": "auth.permission", "pk": 57, "fields": {"name": "Can add content type", "content_type": 15, "codename": "add_contenttype"}}, {"model": "auth.permission", "pk": 58, "fields": {"name": "Can change content type", "content_type": 15, "codename": "change_contenttype"}}, {"model": "auth.permission", "pk": 59, "fields": {"name": "Can delete content type", "content_type": 15, "codename": "delete_contenttype"}}, {"model": "auth.permission", "pk": 60, "fields": {"name": "Can view content type", "content_type": 15, "codename": "view_contenttype"}}, {"model": "auth.permission", "pk": 61, "fields": {"name": "Can add session", "content_type": 16, "codename": "add_session"}}, {"model": "auth.permission", "pk": 62, "fields": {"name": "Can change session", "content_type": 16, "codename": "change_session"}}, {"model": "auth.permission", "pk": 63, "fields": {"name": "Can delete session", "content_type": 16, "codename": "delete_session"}}, {"model": "auth.permission", "pk": 64, "fields": {"name": "Can view session", "content_type": 16, "codename": "view_session"}}, {"model": "auth.permission", "pk": 65, "fields": {"name": "Can add Token", "content_type": 17, "codename": "add_token"}}, {"model": "auth.permission", "pk": 66, "fields": {"name": "Can change Token", "content_type": 17, "codename": "change_token"}}, {"model": "auth.permission", "pk": 67, "fields": {"name": "Can delete Token", "content_type": 17, "codename": "delete_token"}}, {"model": "auth.permission", "pk": 68, "fields": {"name": "Can view Token", "content_type": 17, "codename": "view_token"}}, {"model": "auth.permission", "pk": 69, "fields": {"name": "Can add site", "content_type": 18, "codename": "add_site"}}, {"model": "auth.permission", "pk": 70, "fields": {"name": "Can change site", "content_type": 18, "codename": "change_site"}}, {"model": "auth.permission", "pk": 71, "fields": {"name": "Can delete site", "content_type": 18, "codename": "delete_site"}}, {"model": "auth.permission", "pk": 72, "fields": {"name": "Can view site", "content_type": 18, "codename": "view_site"}}, {"model": "auth.permission", "pk": 73, "fields": {"name": "Can add email address", "content_type": 19, "codename": "add_emailaddress"}}, {"model": "auth.permission", "pk": 74, "fields": {"name": "Can change email address", "content_type": 19, "codename": "change_emailaddress"}}, {"model": "auth.permission", "pk": 75, "fields": {"name": "Can delete email address", "content_type": 19, "codename": "delete_emailaddress"}}, {"model": "auth.permission", "pk": 76, "fields": {"name": "Can view email address", "content_type": 19, "codename": "view_emailaddress"}}, {"model": "auth.permission", "pk": 77, "fields": {"name": "Can add email confirmation", "content_type": 20, "codename": "add_emailconfirmation"}}, {"model": "auth.permission", "pk": 78, "fields": {"name": "Can change email confirmation", "content_type": 20, "codename": "change_emailconfirmation"}}, {"model": "auth.permission", "pk": 79, "fields": {"name": "Can delete email confirmation", "content_type": 20, "codename": "delete_emailconfirmation"}}, {"model": "auth.permission", "pk": 80, "fields": {"name": "Can view email confirmation", "content_type": 20, "codename": "view_emailconfirmation"}}, {"model": "auth.permission", "pk": 81, "fields": {"name": "Can add social account", "content_type": 21, "codename": "add_socialaccount"}}, {"model": "auth.permission", "pk": 82, "fields": {"name": "Can change social account", "content_type": 21, "codename": "change_socialaccount"}}, {"model": "auth.permission", "pk": 83, "fields": {"name": "Can delete social account", "content_type": 21, "codename": "delete_socialaccount"}}, {"model": "auth.permission", "pk": 84, "fields": {"name": "Can view social account", "content_type": 21, "codename": "view_socialaccount"}}, {"model": "auth.permission", "pk": 85, "fields": {"name": "Can add social application", "content_type": 22, "codename": "add_socialapp"}}, {"model": "auth.permission", "pk": 86, "fields": {"name": "Can change social application", "content_type": 22, "codename": "change_socialapp"}}, {"model": "auth.permission", "pk": 87, "fields": {"name": "Can delete social application", "content_type": 22, "codename": "delete_socialapp"}}, {"model": "auth.permission", "pk": 88, "fields": {"name": "Can view social application", "content_type": 22, "codename": "view_socialapp"}}, {"model": "auth.permission", "pk": 89, "fields": {"name": "Can add social application token", "content_type": 23, "codename": "add_socialtoken"}}, {"model": "auth.permission", "pk": 90, "fields": {"name": "Can change social application token", "content_type": 23, "codename": "change_socialtoken"}}, {"model": "auth.permission", "pk": 91, "fields": {"name": "Can delete social application token", "content_type": 23, "codename": "delete_socialtoken"}}, {"model": "auth.permission", "pk": 92, "fields": {"name": "Can view social application token", "content_type": 23, "codename": "view_socialtoken"}}, {"model": "auth.permission", "pk": 93, "fields": {"name": "Can add association", "content_type": 24, "codename": "add_association"}}, {"model": "auth.permission", "pk": 94, "fields": {"name": "Can change association", "content_type": 24, "codename": "change_association"}}, {"model": "auth.permission", "pk": 95, "fields": {"name": "Can delete association", "content_type": 24, "codename": "delete_association"}}, {"model": "auth.permission", "pk": 96, "fields": {"name": "Can view association", "content_type": 24, "codename": "view_association"}}, {"model": "auth.permission", "pk": 97, "fields": {"name": "Can add code", "content_type": 25, "codename": "add_code"}}, {"model": "auth.permission", "pk": 98, "fields": {"name": "Can change code", "content_type": 25, "codename": "change_code"}}, {"model": "auth.permission", "pk": 99, "fields": {"name": "Can delete code", "content_type": 25, "codename": "delete_code"}}, {"model": "auth.permission", "pk": 100, "fields": {"name": "Can view code", "content_type": 25, "codename": "view_code"}}, {"model": "auth.permission", "pk": 101, "fields": {"name": "Can add nonce", "content_type": 26, "codename": "add_nonce"}}, {"model": "auth.permission", "pk": 102, "fields": {"name": "Can change nonce", "content_type": 26, "codename": "change_nonce"}}, {"model": "auth.permission", "pk": 103, "fields": {"name": "Can delete nonce", "content_type": 26, "codename": "delete_nonce"}}, {"model": "auth.permission", "pk": 104, "fields": {"name": "Can view nonce", "content_type": 26, "codename": "view_nonce"}}, {"model": "auth.permission", "pk": 105, "fields": {"name": "Can add user social auth", "content_type": 27, "codename": "add_usersocialauth"}}, {"model": "auth.permission", "pk": 106, "fields": {"name": "Can change user social auth", "content_type": 27, "codename": "change_usersocialauth"}}, {"model": "auth.permission", "pk": 107, "fields": {"name": "Can delete user social auth", "content_type": 27, "codename": "delete_usersocialauth"}}, {"model": "auth.permission", "pk": 108, "fields": {"name": "Can view user social auth", "content_type": 27, "codename": "view_usersocialauth"}}, {"model": "auth.permission", "pk": 109, "fields": {"name": "Can add partial", "content_type": 28, "codename": "add_partial"}}, {"model": "auth.permission", "pk": 110, "fields": {"name": "Can change partial", "content_type": 28, "codename": "change_partial"}}, {"model": "auth.permission", "pk": 111, "fields": {"name": "Can delete partial", "content_type": 28, "codename": "delete_partial"}}, {"model": "auth.permission", "pk": 112, "fields": {"name": "Can view partial", "content_type": 28, "codename": "view_partial"}}, {"model": "auth.group", "pk": 1, "fields": {"name": "Basic", "permissions": []}}, {"model": "auth.user", "pk": 1, "fields": {"password": "pbkdf2_sha256$150000$a75g5noMa90E$sS+SRtke4BSq4/vmLaut9NGSu560BPWHUZHBO3x2H2Q=", "last_login": "2019-10-18T00:10:34Z", "is_superuser": true, "username": "user1", "first_name": "", "last_name": "", "email": "", "is_staff": true, "is_active": true, "date_joined": "2019-09-19T23:18:53Z", "groups": [1], "user_permissions": []}}, {"model": "auth.user", "pk": 2, "fields": {"password": "pbkdf2_sha256$150000$eNI38qbL8sIU$zyY4tQJN2Gaj5WdCS0ZLfIeLD7W3cRLVa1tZY0YJq34=", "last_login": "2019-10-07T23:50:53Z", "is_superuser": true, "username": "user2", "first_name": "", "last_name": "", "email": "", "is_staff": true, "is_active": true, "date_joined": "2019-09-19T23:18:59Z", "groups": [1], "user_permissions": []}}, {"model": "auth.user", "pk": 3, "fields": {"password": "pbkdf2_sha256$150000$MleZzUNjlVXU$lJHeS4QqG3/lOecnVROHigYmdlpCD3EPwLNCAWZmFIU=", "last_login": "2019-10-07T19:56:41Z", "is_superuser": true, "username": "user3", "first_name": "", "last_name": "", "email": "", "is_staff": true, "is_active": true, "date_joined": "2019-09-19T23:19:07Z", "groups": [1], "user_permissions": []}}, {"model": "auth.user", "pk": 4, "fields": {"password": "pbkdf2_sha256$150000$v7ztS9JmpD4d$4x0wtNwaWgkTSB3/3ED4NVizd0EFd/PM90k4G9QruYM=", "last_login": "2019-10-08T21:12:32.538Z", "is_superuser": false, "username": "MMMMMMMMMMMMMMM", "first_name": "", "last_name": "", "email": "", "is_staff": false, "is_active": true, "date_joined": "2019-10-08T21:12:05.593Z", "groups": [], "user_permissions": []}}, {"model": "core.matchconfig", "pk": 1, "fields": {"best_of": 5, "extended_mode": false, "public": false}}, {"model": "core.matchconfig", "pk": 2, "fields": {"best_of": 3, "extended_mode": true, "public": false}}, {"model": "core.matchconfig", "pk": 3, "fields": {"best_of": 7, "extended_mode": false, "public": false}}, {"model": "core.matchconfig", "pk": 4, "fields": {"best_of": 5, "extended_mode": false, "public": true}}, {"model": "core.matchconfig", "pk": 5, "fields": {"best_of": 5, "extended_mode": false, "public": true}}, {"model": "core.matchconfig", "pk": 6, "fields": {"best_of": 5, "extended_mode": false, "public": true}}, {"model": "core.matchconfig", "pk": 7, "fields": {"best_of": 5, "extended_mode": false, "public": true}}, {"model": "core.matchconfig", "pk": 8, "fields": {"best_of": 5, "extended_mode": false, "public": true}}, {"model": "core.matchconfig", "pk": 9, "fields": {"best_of": 5, "extended_mode": false, "public": true}}, {"model": "core.matchconfig", "pk": 10, "fields": {"best_of": 5, "extended_mode": false, "public": true}}, {"model": "core.matchconfig", "pk": 11, "fields": {"best_of": 5, "extended_mode": false, "public": true}}, {"model": "core.matchconfig", "pk": 12, "fields": {"best_of": 5, "extended_mode": false, "public": true}}, {"model": "core.matchconfig", "pk": 13, "fields": {"best_of": 5, "extended_mode": false, "public": true}}, {"model": "core.matchconfig", "pk": 14, "fields": {"best_of": 5, "extended_mode": false, "public": true}}, {"model": "core.matchconfig", "pk": 15, "fields": {"best_of": 5, "extended_mode": false, "public": true}}, {"model": "core.matchconfig", "pk": 16, "fields": {"best_of": 5, "extended_mode": false, "public": true}}, {"model": "core.matchconfig", "pk": 17, "fields": {"best_of": 5, "extended_mode": false, "public": true}}, {"model": "core.matchconfig", "pk": 18, "fields": {"best_of": 21, "extended_mode": false, "public": true}}, {"model": "core.matchconfig", "pk": 19, "fields": {"best_of": 5, "extended_mode": false, "public": true}}, {"model": "core.matchconfig", "pk": 20, "fields": {"best_of": 5, "extended_mode": false, "public": true}}, {"model": "core.matchconfig", "pk": 21, "fields": {"best_of": 5, "extended_mode": false, "public": true}}, {"model": "core.matchconfig", "pk": 22, "fields": {"best_of": 5, "extended_mode": false, "public": true}}, {"model": "core.matchconfig", "pk": 23, "fields": {"best_of": 21, "extended_mode": false, "public": true}}, {"model": "core.matchconfig", "pk": 24, "fields": {"best_of": 5, "extended_mode": false, "public": true}}, {"model": "core.match", "pk": 1, "fields": {"start_time": "2019-09-19T23:19:35.265Z", "duration": 23, "config": 1, "rematch": null, "winner": 2, "loser": 1}}, {"model": "core.match", "pk": 2, "fields": {"start_time": "2019-09-19T23:20:00.088Z", "duration": 14, "config": 1, "rematch": null, "winner": 1, "loser": 2}}, {"model": "core.match", "pk": 3, "fields": {"start_time": "2019-09-19T23:20:40.610Z", "duration": 10, "config": 2, "rematch": null, "winner": 2, "loser": 1}}, {"model": "core.match", "pk": 4, "fields": {"start_time": "2019-09-19T23:20:55.391Z", "duration": 5, "config": 2, "rematch": null, "winner": 1, "loser": 2}}, {"model": "core.match", "pk": 5, "fields": {"start_time": "2019-09-19T23:21:08.238Z", "duration": 13, "config": 3, "rematch": null, "winner": 2, "loser": 1}}, {"model": "core.match", "pk": 6, "fields": {"start_time": "2019-10-07T19:56:31.697Z", "duration": 19, "config": 11, "rematch": null, "winner": 3, "loser": 1}}, {"model": "core.match", "pk": 7, "fields": {"start_time": "2019-10-07T23:50:20.928Z", "duration": 111, "config": 20, "rematch": null, "winner": 2, "loser": 1}}, {"model": "core.playermatch", "pk": 1, "fields": {"player": 1, "player_num": 0, "match": 1}}, {"model": "core.playermatch", "pk": 2, "fields": {"player": 2, "player_num": 1, "match": 1}}, {"model": "core.playermatch", "pk": 3, "fields": {"player": 1, "player_num": 0, "match": 2}}, {"model": "core.playermatch", "pk": 4, "fields": {"player": 2, "player_num": 1, "match": 2}}, {"model": "core.playermatch", "pk": 5, "fields": {"player": 1, "player_num": 0, "match": 3}}, {"model": "core.playermatch", "pk": 6, "fields": {"player": 2, "player_num": 1, "match": 3}}, {"model": "core.playermatch", "pk": 7, "fields": {"player": 1, "player_num": 0, "match": 4}}, {"model": "core.playermatch", "pk": 8, "fields": {"player": 2, "player_num": 1, "match": 4}}, {"model": "core.playermatch", "pk": 9, "fields": {"player": 1, "player_num": 0, "match": 5}}, {"model": "core.playermatch", "pk": 10, "fields": {"player": 2, "player_num": 1, "match": 5}}, {"model": "core.playermatch", "pk": 11, "fields": {"player": 1, "player_num": 0, "match": 6}}, {"model": "core.playermatch", "pk": 12, "fields": {"player": 3, "player_num": 1, "match": 6}}, {"model": "core.playermatch", "pk": 13, "fields": {"player": 1, "player_num": 0, "match": 7}}, {"model": "core.playermatch", "pk": 14, "fields": {"player": 2, "player_num": 1, "match": 7}}, {"model": "core.game", "pk": 1, "fields": {"game_num": 0, "winner": 2, "match": 1}}, {"model": "core.game", "pk": 2, "fields": {"game_num": 1, "winner": 2, "match": 1}}, {"model": "core.game", "pk": 3, "fields": {"game_num": 2, "winner": 1, "match": 1}}, {"model": "core.game", "pk": 4, "fields": {"game_num": 3, "winner": null, "match": 1}}, {"model": "core.game", "pk": 5, "fields": {"game_num": 4, "winner": 2, "match": 1}}, {"model": "core.game", "pk": 6, "fields": {"game_num": 0, "winner": 2, "match": 2}}, {"model": "core.game", "pk": 7, "fields": {"game_num": 1, "winner": 1, "match": 2}}, {"model": "core.game", "pk": 8, "fields": {"game_num": 2, "winner": 1, "match": 2}}, {"model": "core.game", "pk": 9, "fields": {"game_num": 3, "winner": null, "match": 2}}, {"model": "core.game", "pk": 10, "fields": {"game_num": 4, "winner": 1, "match": 2}}, {"model": "core.game", "pk": 11, "fields": {"game_num": 0, "winner": 1, "match": 3}}, {"model": "core.game", "pk": 12, "fields": {"game_num": 1, "winner": 2, "match": 3}}, {"model": "core.game", "pk": 13, "fields": {"game_num": 2, "winner": 2, "match": 3}}, {"model": "core.game", "pk": 14, "fields": {"game_num": 0, "winner": 1, "match": 4}}, {"model": "core.game", "pk": 15, "fields": {"game_num": 1, "winner": 1, "match": 4}}, {"model": "core.game", "pk": 16, "fields": {"game_num": 0, "winner": 2, "match": 5}}, {"model": "core.game", "pk": 17, "fields": {"game_num": 1, "winner": 2, "match": 5}}, {"model": "core.game", "pk": 18, "fields": {"game_num": 2, "winner": 2, "match": 5}}, {"model": "core.game", "pk": 19, "fields": {"game_num": 3, "winner": 2, "match": 5}}, {"model": "core.game", "pk": 20, "fields": {"game_num": 0, "winner": 3, "match": 6}}, {"model": "core.game", "pk": 21, "fields": {"game_num": 1, "winner": 3, "match": 6}}, {"model": "core.game", "pk": 22, "fields": {"game_num": 2, "winner": 3, "match": 6}}, {"model": "core.game", "pk": 23, "fields": {"game_num": 0, "winner": 2, "match": 7}}, {"model": "core.game", "pk": 24, "fields": {"game_num": 1, "winner": 2, "match": 7}}, {"model": "core.game", "pk": 25, "fields": {"game_num": 2, "winner": 2, "match": 7}}, {"model": "core.playergame", "pk": 1, "fields": {"player_num": 0, "player": 1, "move": "rock", "game": 1}}, {"model": "core.playergame", "pk": 2, "fields": {"player_num": 1, "player": 2, "move": "paper", "game": 1}}, {"model": "core.playergame", "pk": 3, "fields": {"player_num": 0, "player": 1, "move": "scissors", "game": 2}}, {"model": "core.playergame", "pk": 4, "fields": {"player_num": 1, "player": 2, "move": "rock", "game": 2}}, {"model": "core.playergame", "pk": 5, "fields": {"player_num": 0, "player": 1, "move": "paper", "game": 3}}, {"model": "core.playergame", "pk": 6, "fields": {"player_num": 1, "player": 2, "move": "rock", "game": 3}}, {"model": "core.playergame", "pk": 7, "fields": {"player_num": 0, "player": 1, "move": "paper", "game": 4}}, {"model": "core.playergame", "pk": 8, "fields": {"player_num": 1, "player": 2, "move": "paper", "game": 4}}, {"model": "core.playergame", "pk": 9, "fields": {"player_num": 0, "player": 1, "move": "scissors", "game": 5}}, {"model": "core.playergame", "pk": 10, "fields": {"player_num": 1, "player": 2, "move": "rock", "game": 5}}, {"model": "core.playergame", "pk": 11, "fields": {"player_num": 0, "player": 1, "move": "rock", "game": 6}}, {"model": "core.playergame", "pk": 12, "fields": {"player_num": 1, "player": 2, "move": "paper", "game": 6}}, {"model": "core.playergame", "pk": 13, "fields": {"player_num": 0, "player": 1, "move": "rock", "game": 7}}, {"model": "core.playergame", "pk": 14, "fields": {"player_num": 1, "player": 2, "move": "scissors", "game": 7}}, {"model": "core.playergame", "pk": 15, "fields": {"player_num": 0, "player": 1, "move": "scissors", "game": 8}}, {"model": "core.playergame", "pk": 16, "fields": {"player_num": 1, "player": 2, "move": "paper", "game": 8}}, {"model": "core.playergame", "pk": 17, "fields": {"player_num": 0, "player": 1, "move": "scissors", "game": 9}}, {"model": "core.playergame", "pk": 18, "fields": {"player_num": 1, "player": 2, "move": "scissors", "game": 9}}, {"model": "core.playergame", "pk": 19, "fields": {"player_num": 0, "player": 1, "move": "scissors", "game": 10}}, {"model": "core.playergame", "pk": 20, "fields": {"player_num": 1, "player": 2, "move": "paper", "game": 10}}, {"model": "core.playergame", "pk": 21, "fields": {"player_num": 0, "player": 1, "move": "spock", "game": 11}}, {"model": "core.playergame", "pk": 22, "fields": {"player_num": 1, "player": 2, "move": "rock", "game": 11}}, {"model": "core.playergame", "pk": 23, "fields": {"player_num": 0, "player": 1, "move": "lizard", "game": 12}}, {"model": "core.playergame", "pk": 24, "fields": {"player_num": 1, "player": 2, "move": "rock", "game": 12}}, {"model": "core.playergame", "pk": 25, "fields": {"player_num": 0, "player": 1, "move": "lizard", "game": 13}}, {"model": "core.playergame", "pk": 26, "fields": {"player_num": 1, "player": 2, "move": "scissors", "game": 13}}, {"model": "core.playergame", "pk": 27, "fields": {"player_num": 0, "player": 1, "move": "spock", "game": 14}}, {"model": "core.playergame", "pk": 28, "fields": {"player_num": 1, "player": 2, "move": "rock", "game": 14}}, {"model": "core.playergame", "pk": 29, "fields": {"player_num": 0, "player": 1, "move": "lizard", "game": 15}}, {"model": "core.playergame", "pk": 30, "fields": {"player_num": 1, "player": 2, "move": "spock", "game": 15}}, {"model": "core.playergame", "pk": 31, "fields": {"player_num": 0, "player": 1, "move": "scissors", "game": 16}}, {"model": "core.playergame", "pk": 32, "fields": {"player_num": 1, "player": 2, "move": "rock", "game": 16}}, {"model": "core.playergame", "pk": 33, "fields": {"player_num": 0, "player": 1, "move": "scissors", "game": 17}}, {"model": "core.playergame", "pk": 34, "fields": {"player_num": 1, "player": 2, "move": "rock", "game": 17}}, {"model": "core.playergame", "pk": 35, "fields": {"player_num": 0, "player": 1, "move": "scissors", "game": 18}}, {"model": "core.playergame", "pk": 36, "fields": {"player_num": 1, "player": 2, "move": "rock", "game": 18}}, {"model": "core.playergame", "pk": 37, "fields": {"player_num": 0, "player": 1, "move": "scissors", "game": 19}}, {"model": "core.playergame", "pk": 38, "fields": {"player_num": 1, "player": 2, "move": "rock", "game": 19}}, {"model": "core.playergame", "pk": 39, "fields": {"player_num": 0, "player": 1, "move": "scissors", "game": 20}}, {"model": "core.playergame", "pk": 40, "fields": {"player_num": 1, "player": 3, "move": "rock", "game": 20}}, {"model": "core.playergame", "pk": 41, "fields": {"player_num": 0, "player": 1, "move": "scissors", "game": 21}}, {"model": "core.playergame", "pk": 42, "fields": {"player_num": 1, "player": 3, "move": "rock", "game": 21}}, {"model": "core.playergame", "pk": 43, "fields": {"player_num": 0, "player": 1, "move": "scissors", "game": 22}}, {"model": "core.playergame", "pk": 44, "fields": {"player_num": 1, "player": 3, "move": "rock", "game": 22}}, {"model": "core.playergame", "pk": 45, "fields": {"player_num": 0, "player": 1, "move": "scissors", "game": 23}}, {"model": "core.playergame", "pk": 46, "fields": {"player_num": 1, "player": 2, "move": "rock", "game": 23}}, {"model": "core.playergame", "pk": 47, "fields": {"player_num": 0, "player": 1, "move": "scissors", "game": 24}}, {"model": "core.playergame", "pk": 48, "fields": {"player_num": 1, "player": 2, "move": "rock", "game": 24}}, {"model": "core.playergame", "pk": 49, "fields": {"player_num": 0, "player": 1, "move": "scissors", "game": 25}}, {"model": "core.playergame", "pk": 50, "fields": {"player_num": 1, "player": 2, "move": "rock", "game": 25}}]