[{"model": "auth.permission", "pk": 1, "fields": {"name": "Can add player", "content_type": 1, "codename": "add_player"}}, {"model": "auth.permission", "pk": 2, "fields": {"name": "Can change player", "content_type": 1, "codename": "change_player"}}, {"model": "auth.permission", "pk": 3, "fields": {"name": "Can delete player", "content_type": 1, "codename": "delete_player"}}, {"model": "auth.permission", "pk": 4, "fields": {"name": "Can view player", "content_type": 1, "codename": "view_player"}}, {"model": "auth.permission", "pk": 5, "fields": {"name": "Can add match config", "content_type": 2, "codename": "add_matchconfig"}}, {"model": "auth.permission", "pk": 6, "fields": {"name": "Can change match config", "content_type": 2, "codename": "change_matchconfig"}}, {"model": "auth.permission", "pk": 7, "fields": {"name": "Can delete match config", "content_type": 2, "codename": "delete_matchconfig"}}, {"model": "auth.permission", "pk": 8, "fields": {"name": "Can view match config", "content_type": 2, "codename": "view_matchconfig"}}, {"model": "auth.permission", "pk": 9, "fields": {"name": "Can add match", "content_type": 3, "codename": "add_match"}}, {"model": "auth.permission", "pk": 10, "fields": {"name": "Can change match", "content_type": 3, "codename": "change_match"}}, {"model": "auth.permission", "pk": 11, "fields": {"name": "Can delete match", "content_type": 3, "codename": "delete_match"}}, {"model": "auth.permission", "pk": 12, "fields": {"name": "Can view match", "content_type": 3, "codename": "view_match"}}, {"model": "auth.permission", "pk": 13, "fields": {"name": "Can add player match", "content_type": 4, "codename": "add_playermatch"}}, {"model": "auth.permission", "pk": 14, "fields": {"name": "Can change player match", "content_type": 4, "codename": "change_playermatch"}}, {"model": "auth.permission", "pk": 15, "fields": {"name": "Can delete player match", "content_type": 4, "codename": "delete_playermatch"}}, {"model": "auth.permission", "pk": 16, "fields": {"name": "Can view player match", "content_type": 4, "codename": "view_playermatch"}}, {"model": "auth.permission", "pk": 17, "fields": {"name": "Can add game", "content_type": 5, "codename": "add_game"}}, {"model": "auth.permission", "pk": 18, "fields": {"name": "Can change game", "content_type": 5, "codename": "change_game"}}, {"model": "auth.permission", "pk": 19, "fields": {"name": "Can delete game", "content_type": 5, "codename": "delete_game"}}, {"model": "auth.permission", "pk": 20, "fields": {"name": "Can view game", "content_type": 5, "codename": "view_game"}}, {"model": "auth.permission", "pk": 21, "fields": {"name": "Can add player game", "content_type": 6, "codename": "add_playergame"}}, {"model": "auth.permission", "pk": 22, "fields": {"name": "Can change player game", "content_type": 6, "codename": "change_playergame"}}, {"model": "auth.permission", "pk": 23, "fields": {"name": "Can delete player game", "content_type": 6, "codename": "delete_playergame"}}, {"model": "auth.permission", "pk": 24, "fields": {"name": "Can view player game", "content_type": 6, "codename": "view_playergame"}}, {"model": "auth.permission", "pk": 25, "fields": {"name": "Can add live match", "content_type": 7, "codename": "add_livematch"}}, {"model": "auth.permission", "pk": 26, "fields": {"name": "Can change live match", "content_type": 7, "codename": "change_livematch"}}, {"model": "auth.permission", "pk": 27, "fields": {"name": "Can delete live match", "content_type": 7, "codename": "delete_livematch"}}, {"model": "auth.permission", "pk": 28, "fields": {"name": "Can view live match", "content_type": 7, "codename": "view_livematch"}}, {"model": "auth.permission", "pk": 29, "fields": {"name": "Can add live player match", "content_type": 8, "codename": "add_liveplayermatch"}}, {"model": "auth.permission", "pk": 30, "fields": {"name": "Can change live player match", "content_type": 8, "codename": "change_liveplayermatch"}}, {"model": "auth.permission", "pk": 31, "fields": {"name": "Can delete live player match", "content_type": 8, "codename": "delete_liveplayermatch"}}, {"model": "auth.permission", "pk": 32, "fields": {"name": "Can view live player match", "content_type": 8, "codename": "view_liveplayermatch"}}, {"model": "auth.permission", "pk": 33, "fields": {"name": "Can add live game", "content_type": 9, "codename": "add_livegame"}}, {"model": "auth.permission", "pk": 34, "fields": {"name": "Can change live game", "content_type": 9, "codename": "change_livegame"}}, {"model": "auth.permission", "pk": 35, "fields": {"name": "Can delete live game", "content_type": 9, "codename": "delete_livegame"}}, {"model": "auth.permission", "pk": 36, "fields": {"name": "Can view live game", "content_type": 9, "codename": "view_livegame"}}, {"model": "auth.permission", "pk": 37, "fields": {"name": "Can add live player game", "content_type": 10, "codename": "add_liveplayergame"}}, {"model": "auth.permission", "pk": 38, "fields": {"name": "Can change live player game", "content_type": 10, "codename": "change_liveplayergame"}}, {"model": "auth.permission", "pk": 39, "fields": {"name": "Can delete live player game", "content_type": 10, "codename": "delete_liveplayergame"}}, {"model": "auth.permission", "pk": 40, "fields": {"name": "Can view live player game", "content_type": 10, "codename": "view_liveplayergame"}}, {"model": "auth.permission", "pk": 41, "fields": {"name": "Can add log entry", "content_type": 11, "codename": "add_logentry"}}, {"model": "auth.permission", "pk": 42, "fields": {"name": "Can change log entry", "content_type": 11, "codename": "change_logentry"}}, {"model": "auth.permission", "pk": 43, "fields": {"name": "Can delete log entry", "content_type": 11, "codename": "delete_logentry"}}, {"model": "auth.permission", "pk": 44, "fields": {"name": "Can view log entry", "content_type": 11, "codename": "view_logentry"}}, {"model": "auth.permission", "pk": 45, "fields": {"name": "Can add permission", "content_type": 12, "codename": "add_permission"}}, {"model": "auth.permission", "pk": 46, "fields": {"name": "Can change permission", "content_type": 12, "codename": "change_permission"}}, {"model": "auth.permission", "pk": 47, "fields": {"name": "Can delete permission", "content_type": 12, "codename": "delete_permission"}}, {"model": "auth.permission", "pk": 48, "fields": {"name": "Can view permission", "content_type": 12, "codename": "view_permission"}}, {"model": "auth.permission", "pk": 49, "fields": {"name": "Can add group", "content_type": 13, "codename": "add_group"}}, {"model": "auth.permission", "pk": 50, "fields": {"name": "Can change group", "content_type": 13, "codename": "change_group"}}, {"model": "auth.permission", "pk": 51, "fields": {"name": "Can delete group", "content_type": 13, "codename": "delete_group"}}, {"model": "auth.permission", "pk": 52, "fields": {"name": "Can view group", "content_type": 13, "codename": "view_group"}}, {"model": "auth.permission", "pk": 53, "fields": {"name": "Can add user", "content_type": 14, "codename": "add_user"}}, {"model": "auth.permission", "pk": 54, "fields": {"name": "Can change user", "content_type": 14, "codename": "change_user"}}, {"model": "auth.permission", "pk": 55, "fields": {"name": "Can delete user", "content_type": 14, "codename": "delete_user"}}, {"model": "auth.permission", "pk": 56, "fields": {"name": "Can view user", "content_type": 14, "codename": "view_user"}}, {"model": "auth.permission", "pk": 57, "fields": {"name": "Can add content type", "content_type": 15, "codename": "add_contenttype"}}, {"model": "auth.permission", "pk": 58, "fields": {"name": "Can change content type", "content_type": 15, "codename": "change_contenttype"}}, {"model": "auth.permission", "pk": 59, "fields": {"name": "Can delete content type", "content_type": 15, "codename": "delete_contenttype"}}, {"model": "auth.permission", "pk": 60, "fields": {"name": "Can view content type", "content_type": 15, "codename": "view_contenttype"}}, {"model": "auth.permission", "pk": 61, "fields": {"name": "Can add session", "content_type": 16, "codename": "add_session"}}, {"model": "auth.permission", "pk": 62, "fields": {"name": "Can change session", "content_type": 16, "codename": "change_session"}}, {"model": "auth.permission", "pk": 63, "fields": {"name": "Can delete session", "content_type": 16, "codename": "delete_session"}}, {"model": "auth.permission", "pk": 64, "fields": {"name": "Can view session", "content_type": 16, "codename": "view_session"}}, {"model": "auth.permission", "pk": 65, "fields": {"name": "Can add site", "content_type": 17, "codename": "add_site"}}, {"model": "auth.permission", "pk": 66, "fields": {"name": "Can change site", "content_type": 17, "codename": "change_site"}}, {"model": "auth.permission", "pk": 67, "fields": {"name": "Can delete site", "content_type": 17, "codename": "delete_site"}}, {"model": "auth.permission", "pk": 68, "fields": {"name": "Can view site", "content_type": 17, "codename": "view_site"}}, {"model": "auth.permission", "pk": 69, "fields": {"name": "Can add Token", "content_type": 18, "codename": "add_token"}}, {"model": "auth.permission", "pk": 70, "fields": {"name": "Can change Token", "content_type": 18, "codename": "change_token"}}, {"model": "auth.permission", "pk": 71, "fields": {"name": "Can delete Token", "content_type": 18, "codename": "delete_token"}}, {"model": "auth.permission", "pk": 72, "fields": {"name": "Can view Token", "content_type": 18, "codename": "view_token"}}, {"model": "auth.permission", "pk": 73, "fields": {"name": "Can add email address", "content_type": 19, "codename": "add_emailaddress"}}, {"model": "auth.permission", "pk": 74, "fields": {"name": "Can change email address", "content_type": 19, "codename": "change_emailaddress"}}, {"model": "auth.permission", "pk": 75, "fields": {"name": "Can delete email address", "content_type": 19, "codename": "delete_emailaddress"}}, {"model": "auth.permission", "pk": 76, "fields": {"name": "Can view email address", "content_type": 19, "codename": "view_emailaddress"}}, {"model": "auth.permission", "pk": 77, "fields": {"name": "Can add email confirmation", "content_type": 20, "codename": "add_emailconfirmation"}}, {"model": "auth.permission", "pk": 78, "fields": {"name": "Can change email confirmation", "content_type": 20, "codename": "change_emailconfirmation"}}, {"model": "auth.permission", "pk": 79, "fields": {"name": "Can delete email confirmation", "content_type": 20, "codename": "delete_emailconfirmation"}}, {"model": "auth.permission", "pk": 80, "fields": {"name": "Can view email confirmation", "content_type": 20, "codename": "view_emailconfirmation"}}, {"model": "auth.permission", "pk": 81, "fields": {"name": "Can add social application", "content_type": 21, "codename": "add_socialapp"}}, {"model": "auth.permission", "pk": 82, "fields": {"name": "Can change social application", "content_type": 21, "codename": "change_socialapp"}}, {"model": "auth.permission", "pk": 83, "fields": {"name": "Can delete social application", "content_type": 21, "codename": "delete_socialapp"}}, {"model": "auth.permission", "pk": 84, "fields": {"name": "Can view social application", "content_type": 21, "codename": "view_socialapp"}}, {"model": "auth.permission", "pk": 85, "fields": {"name": "Can add social account", "content_type": 22, "codename": "add_socialaccount"}}, {"model": "auth.permission", "pk": 86, "fields": {"name": "Can change social account", "content_type": 22, "codename": "change_socialaccount"}}, {"model": "auth.permission", "pk": 87, "fields": {"name": "Can delete social account", "content_type": 22, "codename": "delete_socialaccount"}}, {"model": "auth.permission", "pk": 88, "fields": {"name": "Can view social account", "content_type": 22, "codename": "view_socialaccount"}}, {"model": "auth.permission", "pk": 89, "fields": {"name": "Can add social application token", "content_type": 23, "codename": "add_socialtoken"}}, {"model": "auth.permission", "pk": 90, "fields": {"name": "Can change social application token", "content_type": 23, "codename": "change_socialtoken"}}, {"model": "auth.permission", "pk": 91, "fields": {"name": "Can delete social application token", "content_type": 23, "codename": "delete_socialtoken"}}, {"model": "auth.permission", "pk": 92, "fields": {"name": "Can view social application token", "content_type": 23, "codename": "view_socialtoken"}}, {"model": "auth.group", "pk": 1, "fields": {"name": "w", "permissions": []}}, {"model": "auth.user", "pk": 1, "fields": {"password": "pbkdf2_sha256$150000$Yt7LqBWBYml2$iPDGwi1b357YPSLygrrlYJG4HO5BKL5JOKLinLma5kM=", "last_login": "2019-10-23T19:45:00Z", "is_superuser": true, "username": "user1", "first_name": "", "last_name": "", "email": "", "is_staff": true, "is_active": true, "date_joined": "2019-10-21T23:32:14Z", "groups": [1], "user_permissions": []}}, {"model": "auth.user", "pk": 2, "fields": {"password": "pbkdf2_sha256$150000$x0f67srw7btd$S0uVO1kRwbh3rVeZEn5ayNTRLENLeWaoBd6J5liufck=", "last_login": "2019-10-23T19:45:07Z", "is_superuser": true, "username": "user2", "first_name": "", "last_name": "", "email": "", "is_staff": true, "is_active": true, "date_joined": "2019-10-21T23:32:40Z", "groups": [1], "user_permissions": []}}, {"model": "auth.user", "pk": 3, "fields": {"password": "pbkdf2_sha256$150000$SzeYSi5mPNe6$wcU/8V2d+VKYByyEBt555TVF7YpOzHQhCkvZEk7wwTU=", "last_login": null, "is_superuser": true, "username": "user3", "first_name": "", "last_name": "", "email": "", "is_staff": true, "is_active": true, "date_joined": "2019-10-21T23:32:45.582Z", "groups": [], "user_permissions": []}}, {"model": "core.matchconfig", "pk": 1, "fields": {"best_of": 5, "extended_mode": false, "public": true}}, {"model": "core.matchconfig", "pk": 2, "fields": {"best_of": 5, "extended_mode": false, "public": true}}, {"model": "core.matchconfig", "pk": 3, "fields": {"best_of": 3, "extended_mode": true, "public": true}}, {"model": "core.matchconfig", "pk": 4, "fields": {"best_of": 3, "extended_mode": false, "public": true}}, {"model": "core.matchconfig", "pk": 5, "fields": {"best_of": 5, "extended_mode": false, "public": true}}, {"model": "core.match", "pk": 1, "fields": {"start_time": "2019-10-21T23:34:58.216Z", "duration": 17, "config": 1, "rematch": null, "winner": 2, "loser": 1}}, {"model": "core.match", "pk": 2, "fields": {"start_time": "2019-10-21T23:35:41.441Z", "duration": 350, "config": 2, "rematch": 3, "winner": 1, "loser": 2}}, {"model": "core.match", "pk": 3, "fields": {"start_time": "2019-10-21T23:41:33.939Z", "duration": 18, "config": 2, "rematch": null, "winner": 2, "loser": 1}}, {"model": "core.match", "pk": 4, "fields": {"start_time": "2019-10-21T23:41:57.992Z", "duration": 19, "config": 3, "rematch": null, "winner": 2, "loser": 1}}, {"model": "core.match", "pk": 5, "fields": {"start_time": "2019-10-23T19:45:16.710Z", "duration": 661, "config": 4, "rematch": 6, "winner": 2, "loser": 1}}, {"model": "core.match", "pk": 6, "fields": {"start_time": "2019-10-23T19:56:19.935Z", "duration": 17, "config": 4, "rematch": null, "winner": 1, "loser": 2}}, {"model": "core.playermatch", "pk": 1, "fields": {"player": 2, "player_num": 0, "match": 1}}, {"model": "core.playermatch", "pk": 2, "fields": {"player": 1, "player_num": 1, "match": 1}}, {"model": "core.playermatch", "pk": 3, "fields": {"player": 2, "player_num": 0, "match": 2}}, {"model": "core.playermatch", "pk": 4, "fields": {"player": 1, "player_num": 1, "match": 2}}, {"model": "core.playermatch", "pk": 5, "fields": {"player": 2, "player_num": 0, "match": 3}}, {"model": "core.playermatch", "pk": 6, "fields": {"player": 1, "player_num": 1, "match": 3}}, {"model": "core.playermatch", "pk": 7, "fields": {"player": 1, "player_num": 0, "match": 4}}, {"model": "core.playermatch", "pk": 8, "fields": {"player": 2, "player_num": 1, "match": 4}}, {"model": "core.playermatch", "pk": 9, "fields": {"player": 1, "player_num": 0, "match": 5}}, {"model": "core.playermatch", "pk": 10, "fields": {"player": 2, "player_num": 1, "match": 5}}, {"model": "core.playermatch", "pk": 11, "fields": {"player": 1, "player_num": 0, "match": 6}}, {"model": "core.playermatch", "pk": 12, "fields": {"player": 2, "player_num": 1, "match": 6}}, {"model": "core.game", "pk": 1, "fields": {"game_num": 0, "winner": 2, "match": 1}}, {"model": "core.game", "pk": 2, "fields": {"game_num": 1, "winner": 2, "match": 1}}, {"model": "core.game", "pk": 3, "fields": {"game_num": 2, "winner": 2, "match": 1}}, {"model": "core.game", "pk": 4, "fields": {"game_num": 0, "winner": null, "match": 2}}, {"model": "core.game", "pk": 5, "fields": {"game_num": 1, "winner": null, "match": 2}}, {"model": "core.game", "pk": 6, "fields": {"game_num": 2, "winner": 2, "match": 2}}, {"model": "core.game", "pk": 7, "fields": {"game_num": 3, "winner": 2, "match": 2}}, {"model": "core.game", "pk": 8, "fields": {"game_num": 4, "winner": 1, "match": 2}}, {"model": "core.game", "pk": 9, "fields": {"game_num": 5, "winner": 1, "match": 2}}, {"model": "core.game", "pk": 10, "fields": {"game_num": 6, "winner": 1, "match": 2}}, {"model": "core.game", "pk": 11, "fields": {"game_num": 0, "winner": 1, "match": 3}}, {"model": "core.game", "pk": 12, "fields": {"game_num": 1, "winner": 2, "match": 3}}, {"model": "core.game", "pk": 13, "fields": {"game_num": 2, "winner": 2, "match": 3}}, {"model": "core.game", "pk": 14, "fields": {"game_num": 3, "winner": 2, "match": 3}}, {"model": "core.game", "pk": 15, "fields": {"game_num": 0, "winner": 1, "match": 4}}, {"model": "core.game", "pk": 16, "fields": {"game_num": 1, "winner": 2, "match": 4}}, {"model": "core.game", "pk": 17, "fields": {"game_num": 2, "winner": 2, "match": 4}}, {"model": "core.game", "pk": 18, "fields": {"game_num": 0, "winner": null, "match": 5}}, {"model": "core.game", "pk": 19, "fields": {"game_num": 1, "winner": 1, "match": 5}}, {"model": "core.game", "pk": 20, "fields": {"game_num": 2, "winner": 2, "match": 5}}, {"model": "core.game", "pk": 21, "fields": {"game_num": 3, "winner": 2, "match": 5}}, {"model": "core.game", "pk": 22, "fields": {"game_num": 0, "winner": 1, "match": 6}}, {"model": "core.game", "pk": 23, "fields": {"game_num": 1, "winner": 1, "match": 6}}, {"model": "core.playergame", "pk": 1, "fields": {"player_num": 0, "player": 2, "move": "rock", "game": 1}}, {"model": "core.playergame", "pk": 2, "fields": {"player_num": 1, "player": 1, "move": "scissors", "game": 1}}, {"model": "core.playergame", "pk": 3, "fields": {"player_num": 0, "player": 2, "move": "rock", "game": 2}}, {"model": "core.playergame", "pk": 4, "fields": {"player_num": 1, "player": 1, "move": "scissors", "game": 2}}, {"model": "core.playergame", "pk": 5, "fields": {"player_num": 0, "player": 2, "move": "scissors", "game": 3}}, {"model": "core.playergame", "pk": 6, "fields": {"player_num": 1, "player": 1, "move": "paper", "game": 3}}, {"model": "core.playergame", "pk": 7, "fields": {"player_num": 0, "player": 2, "move": "rock", "game": 4}}, {"model": "core.playergame", "pk": 8, "fields": {"player_num": 1, "player": 1, "move": "rock", "game": 4}}, {"model": "core.playergame", "pk": 9, "fields": {"player_num": 0, "player": 2, "move": "rock", "game": 5}}, {"model": "core.playergame", "pk": 10, "fields": {"player_num": 1, "player": 1, "move": "rock", "game": 5}}, {"model": "core.playergame", "pk": 11, "fields": {"player_num": 0, "player": 2, "move": "scissors", "game": 6}}, {"model": "core.playergame", "pk": 12, "fields": {"player_num": 1, "player": 1, "move": "paper", "game": 6}}, {"model": "core.playergame", "pk": 13, "fields": {"player_num": 0, "player": 2, "move": "rock", "game": 7}}, {"model": "core.playergame", "pk": 14, "fields": {"player_num": 1, "player": 1, "move": "scissors", "game": 7}}, {"model": "core.playergame", "pk": 15, "fields": {"player_num": 0, "player": 2, "move": "paper", "game": 8}}, {"model": "core.playergame", "pk": 16, "fields": {"player_num": 1, "player": 1, "move": "scissors", "game": 8}}, {"model": "core.playergame", "pk": 17, "fields": {"player_num": 0, "player": 2, "move": "scissors", "game": 9}}, {"model": "core.playergame", "pk": 18, "fields": {"player_num": 1, "player": 1, "move": "rock", "game": 9}}, {"model": "core.playergame", "pk": 19, "fields": {"player_num": 0, "player": 2, "move": "paper", "game": 10}}, {"model": "core.playergame", "pk": 20, "fields": {"player_num": 1, "player": 1, "move": "scissors", "game": 10}}, {"model": "core.playergame", "pk": 21, "fields": {"player_num": 0, "player": 2, "move": "rock", "game": 11}}, {"model": "core.playergame", "pk": 22, "fields": {"player_num": 1, "player": 1, "move": "paper", "game": 11}}, {"model": "core.playergame", "pk": 23, "fields": {"player_num": 0, "player": 2, "move": "paper", "game": 12}}, {"model": "core.playergame", "pk": 24, "fields": {"player_num": 1, "player": 1, "move": "rock", "game": 12}}, {"model": "core.playergame", "pk": 25, "fields": {"player_num": 0, "player": 2, "move": "scissors", "game": 13}}, {"model": "core.playergame", "pk": 26, "fields": {"player_num": 1, "player": 1, "move": "paper", "game": 13}}, {"model": "core.playergame", "pk": 27, "fields": {"player_num": 0, "player": 2, "move": "rock", "game": 14}}, {"model": "core.playergame", "pk": 28, "fields": {"player_num": 1, "player": 1, "move": "scissors", "game": 14}}, {"model": "core.playergame", "pk": 29, "fields": {"player_num": 0, "player": 1, "move": "lizard", "game": 15}}, {"model": "core.playergame", "pk": 30, "fields": {"player_num": 1, "player": 2, "move": "spock", "game": 15}}, {"model": "core.playergame", "pk": 31, "fields": {"player_num": 0, "player": 1, "move": "lizard", "game": 16}}, {"model": "core.playergame", "pk": 32, "fields": {"player_num": 1, "player": 2, "move": "scissors", "game": 16}}, {"model": "core.playergame", "pk": 33, "fields": {"player_num": 0, "player": 1, "move": "paper", "game": 17}}, {"model": "core.playergame", "pk": 34, "fields": {"player_num": 1, "player": 2, "move": "scissors", "game": 17}}, {"model": "core.playergame", "pk": 35, "fields": {"player_num": 0, "player": 1, "move": "rock", "game": 18}}, {"model": "core.playergame", "pk": 36, "fields": {"player_num": 1, "player": 2, "move": "rock", "game": 18}}, {"model": "core.playergame", "pk": 37, "fields": {"player_num": 0, "player": 1, "move": "rock", "game": 19}}, {"model": "core.playergame", "pk": 38, "fields": {"player_num": 1, "player": 2, "move": "scissors", "game": 19}}, {"model": "core.playergame", "pk": 39, "fields": {"player_num": 0, "player": 1, "move": "rock", "game": 20}}, {"model": "core.playergame", "pk": 40, "fields": {"player_num": 1, "player": 2, "move": "paper", "game": 20}}, {"model": "core.playergame", "pk": 41, "fields": {"player_num": 0, "player": 1, "move": "scissors", "game": 21}}, {"model": "core.playergame", "pk": 42, "fields": {"player_num": 1, "player": 2, "move": "rock", "game": 21}}, {"model": "core.playergame", "pk": 43, "fields": {"player_num": 0, "player": 1, "move": "rock", "game": 22}}, {"model": "core.playergame", "pk": 44, "fields": {"player_num": 1, "player": 2, "move": "scissors", "game": 22}}, {"model": "core.playergame", "pk": 45, "fields": {"player_num": 0, "player": 1, "move": "scissors", "game": 23}}, {"model": "core.playergame", "pk": 46, "fields": {"player_num": 1, "player": 2, "move": "paper", "game": 23}}, {"model": "livematch.livematch", "pk": "098f5ea", "fields": {"config": 3, "permanent_match": 4, "rematch": "bf58da6", "start_time": "2019-10-21T23:41:57.992Z"}}, {"model": "livematch.livematch", "pk": "2cfa1b3", "fields": {"config": 4, "permanent_match": 6, "rematch": null, "start_time": "2019-10-23T19:56:19.935Z"}}, {"model": "livematch.livematch", "pk": "7338f50", "fields": {"config": 5, "permanent_match": null, "rematch": null, "start_time": "2019-10-23T20:00:47.467Z"}}, {"model": "livematch.livematch", "pk": "a447662", "fields": {"config": 2, "permanent_match": 2, "rematch": "ade034e", "start_time": "2019-10-21T23:35:41.441Z"}}, {"model": "livematch.livematch", "pk": "a935538", "fields": {"config": 1, "permanent_match": null, "rematch": null, "start_time": "2019-10-21T23:35:18.144Z"}}, {"model": "livematch.livematch", "pk": "ade034e", "fields": {"config": 2, "permanent_match": 3, "rematch": null, "start_time": "2019-10-21T23:41:33.939Z"}}, {"model": "livematch.livematch", "pk": "b5af180", "fields": {"config": 1, "permanent_match": 1, "rematch": "a935538", "start_time": "2019-10-21T23:34:58.216Z"}}, {"model": "livematch.livematch", "pk": "bf58da6", "fields": {"config": 3, "permanent_match": null, "rematch": null, "start_time": "2019-10-21T23:42:21.388Z"}}, {"model": "livematch.livematch", "pk": "cb65764", "fields": {"config": 4, "permanent_match": 5, "rematch": "2cfa1b3", "start_time": "2019-10-23T19:45:16.710Z"}}, {"model": "livematch.liveplayermatch", "pk": 1, "fields": {"player": 2, "player_num": 0, "match": "b5af180", "last_activity": "2019-10-21T23:35:16.193Z", "is_ready": false, "move": "scissors", "accepted_rematch": true}}, {"model": "livematch.liveplayermatch", "pk": 2, "fields": {"player": 1, "player_num": 1, "match": "b5af180", "last_activity": "2019-10-21T23:35:17.929Z", "is_ready": false, "move": "paper", "accepted_rematch": true}}, {"model": "livematch.liveplayermatch", "pk": 3, "fields": {"player": 2, "player_num": 0, "match": "a935538", "last_activity": "2019-10-21T23:35:37.083Z", "is_ready": true, "move": "", "accepted_rematch": false}}, {"model": "livematch.liveplayermatch", "pk": 4, "fields": {"player": 1, "player_num": 1, "match": "a935538", "last_activity": "2019-10-21T23:35:41.235Z", "is_ready": true, "move": "", "accepted_rematch": false}}, {"model": "livematch.liveplayermatch", "pk": 5, "fields": {"player": 2, "player_num": 0, "match": "a447662", "last_activity": "2019-10-21T23:41:32.224Z", "is_ready": false, "move": "paper", "accepted_rematch": true}}, {"model": "livematch.liveplayermatch", "pk": 6, "fields": {"player": 1, "player_num": 1, "match": "a447662", "last_activity": "2019-10-21T23:41:32.326Z", "is_ready": false, "move": "scissors", "accepted_rematch": true}}, {"model": "livematch.liveplayermatch", "pk": 7, "fields": {"player": 2, "player_num": 0, "match": "ade034e", "last_activity": "2019-10-21T23:41:59.186Z", "is_ready": false, "move": "rock", "accepted_rematch": false}}, {"model": "livematch.liveplayermatch", "pk": 8, "fields": {"player": 1, "player_num": 1, "match": "ade034e", "last_activity": "2019-10-21T23:41:54.277Z", "is_ready": false, "move": "scissors", "accepted_rematch": false}}, {"model": "livematch.liveplayermatch", "pk": 9, "fields": {"player": 1, "player_num": 0, "match": "098f5ea", "last_activity": "2019-10-21T23:42:17.648Z", "is_ready": false, "move": "paper", "accepted_rematch": true}}, {"model": "livematch.liveplayermatch", "pk": 10, "fields": {"player": 2, "player_num": 1, "match": "098f5ea", "last_activity": "2019-10-21T23:42:19.787Z", "is_ready": false, "move": "scissors", "accepted_rematch": true}}, {"model": "livematch.liveplayermatch", "pk": 11, "fields": {"player": 1, "player_num": 0, "match": "bf58da6", "last_activity": "2019-10-21T23:42:26.701Z", "is_ready": false, "move": "spock", "accepted_rematch": false}}, {"model": "livematch.liveplayermatch", "pk": 12, "fields": {"player": 2, "player_num": 1, "match": "bf58da6", "last_activity": "2019-10-21T23:42:26.609Z", "is_ready": false, "move": "rock", "accepted_rematch": false}}, {"model": "livematch.liveplayermatch", "pk": 13, "fields": {"player": 1, "player_num": 0, "match": "cb65764", "last_activity": "2019-10-23T19:56:17.014Z", "is_ready": false, "move": "scissors", "accepted_rematch": true}}, {"model": "livematch.liveplayermatch", "pk": 14, "fields": {"player": 2, "player_num": 1, "match": "cb65764", "last_activity": "2019-10-23T19:56:17.867Z", "is_ready": false, "move": "rock", "accepted_rematch": true}}, {"model": "livematch.liveplayermatch", "pk": 15, "fields": {"player": 1, "player_num": 0, "match": "2cfa1b3", "last_activity": "2019-10-23T19:56:36.938Z", "is_ready": false, "move": "scissors", "accepted_rematch": false}}, {"model": "livematch.liveplayermatch", "pk": 16, "fields": {"player": 2, "player_num": 1, "match": "2cfa1b3", "last_activity": "2019-10-23T19:56:39.377Z", "is_ready": false, "move": "paper", "accepted_rematch": false}}, {"model": "livematch.liveplayermatch", "pk": 17, "fields": {"player": 1, "player_num": 0, "match": "7338f50", "last_activity": "2019-10-23T20:02:39.208Z", "is_ready": false, "move": "rock", "accepted_rematch": false}}, {"model": "livematch.liveplayermatch", "pk": 18, "fields": {"player": 2, "player_num": 1, "match": "7338f50", "last_activity": "2019-10-23T20:01:01.603Z", "is_ready": true, "move": "rock", "accepted_rematch": false}}, {"model": "livematch.livegame", "pk": 1, "fields": {"game_num": 0, "winner": 2, "match": "b5af180"}}, {"model": "livematch.livegame", "pk": 2, "fields": {"game_num": 1, "winner": 2, "match": "b5af180"}}, {"model": "livematch.livegame", "pk": 3, "fields": {"game_num": 2, "winner": 2, "match": "b5af180"}}, {"model": "livematch.livegame", "pk": 4, "fields": {"game_num": 0, "winner": 2, "match": "a935538"}}, {"model": "livematch.livegame", "pk": 5, "fields": {"game_num": 0, "winner": null, "match": "a447662"}}, {"model": "livematch.livegame", "pk": 6, "fields": {"game_num": 1, "winner": null, "match": "a447662"}}, {"model": "livematch.livegame", "pk": 7, "fields": {"game_num": 2, "winner": 2, "match": "a447662"}}, {"model": "livematch.livegame", "pk": 8, "fields": {"game_num": 3, "winner": 2, "match": "a447662"}}, {"model": "livematch.livegame", "pk": 9, "fields": {"game_num": 4, "winner": 1, "match": "a447662"}}, {"model": "livematch.livegame", "pk": 10, "fields": {"game_num": 5, "winner": 1, "match": "a447662"}}, {"model": "livematch.livegame", "pk": 11, "fields": {"game_num": 6, "winner": 1, "match": "a447662"}}, {"model": "livematch.livegame", "pk": 12, "fields": {"game_num": 0, "winner": 1, "match": "ade034e"}}, {"model": "livematch.livegame", "pk": 13, "fields": {"game_num": 1, "winner": 2, "match": "ade034e"}}, {"model": "livematch.livegame", "pk": 14, "fields": {"game_num": 2, "winner": 2, "match": "ade034e"}}, {"model": "livematch.livegame", "pk": 15, "fields": {"game_num": 3, "winner": 2, "match": "ade034e"}}, {"model": "livematch.livegame", "pk": 16, "fields": {"game_num": 0, "winner": 1, "match": "098f5ea"}}, {"model": "livematch.livegame", "pk": 17, "fields": {"game_num": 1, "winner": 2, "match": "098f5ea"}}, {"model": "livematch.livegame", "pk": 18, "fields": {"game_num": 2, "winner": 2, "match": "098f5ea"}}, {"model": "livematch.livegame", "pk": 19, "fields": {"game_num": 0, "winner": 1, "match": "bf58da6"}}, {"model": "livematch.livegame", "pk": 20, "fields": {"game_num": 0, "winner": null, "match": "cb65764"}}, {"model": "livematch.livegame", "pk": 21, "fields": {"game_num": 1, "winner": 1, "match": "cb65764"}}, {"model": "livematch.livegame", "pk": 22, "fields": {"game_num": 2, "winner": 2, "match": "cb65764"}}, {"model": "livematch.livegame", "pk": 23, "fields": {"game_num": 3, "winner": 2, "match": "cb65764"}}, {"model": "livematch.livegame", "pk": 24, "fields": {"game_num": 0, "winner": 1, "match": "2cfa1b3"}}, {"model": "livematch.livegame", "pk": 25, "fields": {"game_num": 1, "winner": 1, "match": "2cfa1b3"}}, {"model": "livematch.livegame", "pk": 26, "fields": {"game_num": 0, "winner": null, "match": "7338f50"}}, {"model": "livematch.liveplayergame", "pk": 1, "fields": {"player_num": 0, "player": 2, "move": "rock", "game": 1}}, {"model": "livematch.liveplayergame", "pk": 2, "fields": {"player_num": 1, "player": 1, "move": "scissors", "game": 1}}, {"model": "livematch.liveplayergame", "pk": 3, "fields": {"player_num": 0, "player": 2, "move": "rock", "game": 2}}, {"model": "livematch.liveplayergame", "pk": 4, "fields": {"player_num": 1, "player": 1, "move": "scissors", "game": 2}}, {"model": "livematch.liveplayergame", "pk": 5, "fields": {"player_num": 0, "player": 2, "move": "scissors", "game": 3}}, {"model": "livematch.liveplayergame", "pk": 6, "fields": {"player_num": 1, "player": 1, "move": "paper", "game": 3}}, {"model": "livematch.liveplayergame", "pk": 7, "fields": {"player_num": 0, "player": 2, "move": "paper", "game": 4}}, {"model": "livematch.liveplayergame", "pk": 8, "fields": {"player_num": 1, "player": 1, "move": "rock", "game": 4}}, {"model": "livematch.liveplayergame", "pk": 9, "fields": {"player_num": 0, "player": 2, "move": "rock", "game": 5}}, {"model": "livematch.liveplayergame", "pk": 10, "fields": {"player_num": 1, "player": 1, "move": "rock", "game": 5}}, {"model": "livematch.liveplayergame", "pk": 11, "fields": {"player_num": 0, "player": 2, "move": "rock", "game": 6}}, {"model": "livematch.liveplayergame", "pk": 12, "fields": {"player_num": 1, "player": 1, "move": "rock", "game": 6}}, {"model": "livematch.liveplayergame", "pk": 13, "fields": {"player_num": 0, "player": 2, "move": "scissors", "game": 7}}, {"model": "livematch.liveplayergame", "pk": 14, "fields": {"player_num": 1, "player": 1, "move": "paper", "game": 7}}, {"model": "livematch.liveplayergame", "pk": 15, "fields": {"player_num": 0, "player": 2, "move": "rock", "game": 8}}, {"model": "livematch.liveplayergame", "pk": 16, "fields": {"player_num": 1, "player": 1, "move": "scissors", "game": 8}}, {"model": "livematch.liveplayergame", "pk": 17, "fields": {"player_num": 0, "player": 2, "move": "paper", "game": 9}}, {"model": "livematch.liveplayergame", "pk": 18, "fields": {"player_num": 1, "player": 1, "move": "scissors", "game": 9}}, {"model": "livematch.liveplayergame", "pk": 19, "fields": {"player_num": 0, "player": 2, "move": "scissors", "game": 10}}, {"model": "livematch.liveplayergame", "pk": 20, "fields": {"player_num": 1, "player": 1, "move": "rock", "game": 10}}, {"model": "livematch.liveplayergame", "pk": 21, "fields": {"player_num": 0, "player": 2, "move": "paper", "game": 11}}, {"model": "livematch.liveplayergame", "pk": 22, "fields": {"player_num": 1, "player": 1, "move": "scissors", "game": 11}}, {"model": "livematch.liveplayergame", "pk": 23, "fields": {"player_num": 0, "player": 2, "move": "rock", "game": 12}}, {"model": "livematch.liveplayergame", "pk": 24, "fields": {"player_num": 1, "player": 1, "move": "paper", "game": 12}}, {"model": "livematch.liveplayergame", "pk": 25, "fields": {"player_num": 0, "player": 2, "move": "paper", "game": 13}}, {"model": "livematch.liveplayergame", "pk": 26, "fields": {"player_num": 1, "player": 1, "move": "rock", "game": 13}}, {"model": "livematch.liveplayergame", "pk": 27, "fields": {"player_num": 0, "player": 2, "move": "scissors", "game": 14}}, {"model": "livematch.liveplayergame", "pk": 28, "fields": {"player_num": 1, "player": 1, "move": "paper", "game": 14}}, {"model": "livematch.liveplayergame", "pk": 29, "fields": {"player_num": 0, "player": 2, "move": "rock", "game": 15}}, {"model": "livematch.liveplayergame", "pk": 30, "fields": {"player_num": 1, "player": 1, "move": "scissors", "game": 15}}, {"model": "livematch.liveplayergame", "pk": 31, "fields": {"player_num": 0, "player": 1, "move": "lizard", "game": 16}}, {"model": "livematch.liveplayergame", "pk": 32, "fields": {"player_num": 1, "player": 2, "move": "spock", "game": 16}}, {"model": "livematch.liveplayergame", "pk": 33, "fields": {"player_num": 0, "player": 1, "move": "lizard", "game": 17}}, {"model": "livematch.liveplayergame", "pk": 34, "fields": {"player_num": 1, "player": 2, "move": "scissors", "game": 17}}, {"model": "livematch.liveplayergame", "pk": 35, "fields": {"player_num": 0, "player": 1, "move": "paper", "game": 18}}, {"model": "livematch.liveplayergame", "pk": 36, "fields": {"player_num": 1, "player": 2, "move": "scissors", "game": 18}}, {"model": "livematch.liveplayergame", "pk": 37, "fields": {"player_num": 0, "player": 1, "move": "spock", "game": 19}}, {"model": "livematch.liveplayergame", "pk": 38, "fields": {"player_num": 1, "player": 2, "move": "rock", "game": 19}}, {"model": "livematch.liveplayergame", "pk": 39, "fields": {"player_num": 0, "player": 1, "move": "rock", "game": 20}}, {"model": "livematch.liveplayergame", "pk": 40, "fields": {"player_num": 1, "player": 2, "move": "rock", "game": 20}}, {"model": "livematch.liveplayergame", "pk": 41, "fields": {"player_num": 0, "player": 1, "move": "rock", "game": 21}}, {"model": "livematch.liveplayergame", "pk": 42, "fields": {"player_num": 1, "player": 2, "move": "scissors", "game": 21}}, {"model": "livematch.liveplayergame", "pk": 43, "fields": {"player_num": 0, "player": 1, "move": "rock", "game": 22}}, {"model": "livematch.liveplayergame", "pk": 44, "fields": {"player_num": 1, "player": 2, "move": "paper", "game": 22}}, {"model": "livematch.liveplayergame", "pk": 45, "fields": {"player_num": 0, "player": 1, "move": "scissors", "game": 23}}, {"model": "livematch.liveplayergame", "pk": 46, "fields": {"player_num": 1, "player": 2, "move": "rock", "game": 23}}, {"model": "livematch.liveplayergame", "pk": 47, "fields": {"player_num": 0, "player": 1, "move": "rock", "game": 24}}, {"model": "livematch.liveplayergame", "pk": 48, "fields": {"player_num": 1, "player": 2, "move": "scissors", "game": 24}}, {"model": "livematch.liveplayergame", "pk": 49, "fields": {"player_num": 0, "player": 1, "move": "scissors", "game": 25}}, {"model": "livematch.liveplayergame", "pk": 50, "fields": {"player_num": 1, "player": 2, "move": "paper", "game": 25}}, {"model": "livematch.liveplayergame", "pk": 51, "fields": {"player_num": 0, "player": 1, "move": "rock", "game": 26}}, {"model": "livematch.liveplayergame", "pk": 52, "fields": {"player_num": 1, "player": 2, "move": "rock", "game": 26}}]